{"1":{"dist":156.73489999999998,"time":129},"2":{"dist":123.6113,"time":122},"3":{"dist":134.22879999999998,"time":139},"4":{"dist":137.26229999999998,"time":150},"5":{"dist":271.61420000000004,"time":259},"6":{"dist":163.8711,"time":145}}